{
  "baseline": {
    "params": 3320640,
    "train_loss": 2.5236096382141113,
    "val_loss": 2.4669308587908745,
    "val_ppl": 11.786217717424424,
    "size_bytes": 13312353
  },
  "cromgpt": {
    "params": 3326784,
    "train_loss": 4.958300590515137,
    "val_loss": 4.972518786787987,
    "val_ppl": 144.39011764972153,
    "size_bytes": 13427142
  },
  "gap": {
    "train_loss": 2.4346909523010254,
    "val_loss": 2.5055879279971123,
    "size_ratio": 0.9914509729620793
  },
  "steps": 500
}